{
  "model": {
    "version": 3,
    "nodes": [
      {
        "name": "RootNode",
        "position": [0, 0, 0],
        "rotation": [0, 0, 0],
        "scale": [1, 1, 1],
        "scaleCompensation": false
      },
      {
        "name": "bg_cloud_2",
        "position": [0, 0, 0],
        "rotation": [9.33467e-6, -1.27222e-14, 1.27222e-14],
        "scale": [1, 1, 1],
        "scaleCompensation": false
      }
    ],
    "parents": [-1, 0],
    "skins": [],
    "morphs": [],
    "vertices": [
      {
        "position": {
          "type": "float32",
          "components": 3,
          "data": [
            -12.2309, 2.99814, 5.75427e-5, 5.28091, 7.87609, -9.6401e-6, 11.247,
            2.26895, -3.26664e-5, -6.23168, 8.27383, 3.03788e-5, 17.2131,
            -3.3382, -5.56927e-5, -1.39681, -2.7813, 1.80256e-5, 11.247,
            2.26895, -3.26664e-5, -0.673492, 9.32006, 1.06343e-5, 0.472017,
            10.4099, 9.43309e-7, 3.45397, 9.13758, -3.91199e-6, -0.705462,
            10.5866, 1.3089e-5, 5.28091, 7.87609, -9.6401e-6, -0.673492,
            9.32006, 1.06343e-5, 3.45397, 9.13758, -3.91199e-6, -16.0288,
            7.62461, 3.32015e-5, -13.9227, 5.23081, 4.66502e-5, -17.8108,
            5.62254, 4.37379e-5, -18.7685, 2.85021, 5.9024e-5, -13.9227,
            5.23081, 4.66502e-5, -13.5332, 8.8441, 2.72132e-5, -10.6113,
            9.16125, 3.41921e-5, -16.0288, 7.62461, 3.32015e-5, -12.2309,
            2.99814, 5.75427e-5, -8.17245, 8.84854, 3.248e-5, -6.23168, 8.27383,
            3.03788e-5, -13.9227, 5.23081, 4.66502e-5, -18.67, -0.0347095,
            7.34511e-5, -13.9227, 5.23081, 4.66502e-5, -12.2309, 2.99814,
            5.75427e-5, -18.2301, -2.27756, 8.47066e-5, 11.247, 2.26895,
            -3.26664e-5, 7.23738, 9.35687, 4.54969e-6, 13.0654, 4.91594,
            -2.24161e-5, 5.28091, 7.87609, -9.6401e-6, 18.4905, -0.62599,
            -4.7773e-5, 11.247, 2.26895, -3.26664e-5, 13.0654, 4.91594,
            -2.24161e-5, 17.2131, -3.3382, -5.56927e-5, 13.0654, 4.91594,
            -2.24161e-5, 7.23738, 9.35687, 4.54969e-6, 9.44968, 10.0492,
            5.72564e-6, 18.4905, -0.62599, -4.7773e-5, 13.0654, 4.91594,
            -2.24161e-5, 19.0799, 1.79292, -3.3871e-5, 14.9087, 6.89905,
            -1.18229e-5, 11.2862, 9.9997, 6.36081e-6, 13.7248, 9.31885,
            -2.1129e-6, 16.1364, 8.19548, -6.85721e-6, 17.7208, 6.27162,
            -1.06669e-5, 14.9087, 6.89905, -1.18229e-5, 16.1364, 8.19548,
            -6.85721e-6, 19.0318, 3.23511, -2.68117e-5, 12.7059, -7.50704,
            -5.50416e-5, -1.39681, -2.7813, 1.80256e-5, 15.9548, -5.02474,
            -5.53934e-5, 11.247, 2.26895, -3.26664e-5, -1.39681, -2.7813,
            1.80256e-5, -12.2309, 2.99814, 5.75427e-5, 8.74522, -9.38253,
            -5.46209e-5, -1.39681, -2.7813, 1.80256e-5, 12.7059, -7.50704,
            -5.50416e-5, 2.7365, -11.1492, -5.43065e-5, -1.39681, -2.7813,
            1.80256e-5, 8.74522, -9.38253, -5.46209e-5, -2.56426, -11.4378,
            -5.42553e-5, -1.39681, -2.7813, 1.80256e-5, 2.7365, -11.1492,
            -5.43065e-5, -9.66683, -9.80584, -5.45449e-5, -1.39681, -2.7813,
            1.80256e-5, -2.56426, -11.4378, -5.42553e-5, -13.7835, -7.41697,
            -5.41704e-5, -1.39681, -2.7813, 1.80256e-5, -9.66683, -9.80584,
            -5.45449e-5, -1.39681, -2.7813, 1.80256e-5, -16.8987, -4.62129,
            1.21232e-5, -18.2301, -2.27756, 8.47066e-5, -12.2309, 2.99814,
            5.75427e-5, -1.39681, -2.7813, 1.80256e-5, -18.2301, -2.27756,
            8.47066e-5, 13.0654, 4.91594, -2.24161e-5, 19.0318, 3.23511,
            -2.68117e-5, 19.0799, 1.79292, -3.3871e-5, 14.9087, 6.89905,
            -1.18229e-5, 13.0654, 4.91594, -2.24161e-5, 11.2862, 9.9997,
            6.36081e-6, 14.9087, 6.89905, -1.18229e-5, 9.44968, 10.0492,
            5.72564e-6, -8.17245, 8.84854, 3.248e-5, -13.9227, 5.23081,
            4.66502e-5, -10.6113, 9.16125, 3.41921e-5, -13.9227, 5.23081,
            4.66502e-5, -18.67, -0.0347095, 7.34511e-5, -18.7685, 2.85021,
            5.9024e-5, -0.673492, 9.32006, 1.06343e-5, -2.08168, 10.5604,
            2.3094e-5, -0.705462, 10.5866, 1.3089e-5, -4.70304, 9.49821,
            2.48356e-5, 5.28091, 7.87609, -9.6401e-6, -6.23168, 8.27383,
            3.03788e-5, -0.673492, 9.32006, 1.06343e-5, -4.70304, 9.49821,
            2.48356e-5, 15.9548, -5.02474, -5.53934e-5, -1.39681, -2.7813,
            1.80256e-5, 17.2131, -3.3382, -5.56927e-5, -16.8987, -4.62129,
            1.21232e-5, -1.39681, -2.7813, 1.80256e-5, -13.7835, -7.41697,
            -5.41704e-5
          ]
        },
        "normal": {
          "type": "float32",
          "components": 3,